order,title,page_range
1,Index,1-2
2,Claim Form,3-9
3,Particulars Of Claim,10-14
4,Access Area Plans - 171 and 173 Lexden,15-16
5,Defence Statement,17-23
6,Initial Application Form,24
7,Draft Order,25-26
8,Amended Application,27
9,Notice of Injunction Hearing 3,28-33
10,Notice of Issue,34
11,Mr Narne's Witness Statement 1,35-37
12,Mr Narne's Witness Statement 2,38-39
13,Mr Narne's Witness Statement 3,40-42
14,Response Pack,43
15,Ms Durdin's Witness Statement,44-55
16,MN1- Title Deeds of 171 and 173 Lexden,56-66
17,MN2 - Deed of Easement dated,67-74
18,MN3 - Title Plan,75-78
19,MN4 - Letter from Mr & Mrs. Narne Dated,79-83
20,MN5- Letter from Mr & Mrs. Densey and,84-85
21,MN6 - Pre-Action letter dated 26/01/2025,86-90
22,MN7- Pictures,91-129
23,Certificate Of Service 28/04/2025,130-131
24,Certificate Of Service 14/05/2025,132-133
